{
  "kc_baseline": {
    "n_samples": 1658,
    "n_features": 106,
    "cv_r2": 0.6811442233212279,
    "cv_rmse": 19.361032768020728,
    "train_r2": 0.8255689716968952
  },
  "daymet_plus_year_fe": {
    "n_samples": 1658,
    "n_features": 129,
    "cv_r2": 0.7132465722092434,
    "cv_rmse": 18.360549903300967,
    "train_r2": 0.8464740381011564,
    "top_features": {
      "ndvi_july": 0.282536110072518,
      "tmax_july_mean": 0.16780511498859568,
      "ndvi_mean_growing": 0.10655685466485056,
      "ndvi_june": 0.07637646968193115,
      "drought_flag": 0.06622874109119013,
      "prcp_annual": 0.02791074546175615,
      "ndvi_peak": 0.021358399366117567,
      "gdd_may_aug": 0.019499895894283963
    }
  },
  "daymet_only": {
    "cv_r2": 0.6104970169553754,
    "cv_rmse": 21.39866940876008
  },
  "delta_best_vs_kc": {
    "cv_r2": 0.03210234888801544,
    "cv_rmse": -1.0004828647197606
  },
  "residuals_within_2_buacre": 18,
  "residuals_within_5_buacre": 48,
  "residuals_above_10_buacre": 10
}